INSERT INTO "user" (name, email, address)
VALUES ('Артемий Леонидов', 'artem.leonidov@example.com',
        ROW ('ул. Ленина, 10, кв. 15', 'Владивосток', 'Россия', '690091')::ADDRESS),
       ('Валентина Сергеева', 'valentina.sergeeva@example.com',
        ROW ('пр-т Мира, 28, офис 4', 'Красноярск', 'Россия', '660049')::ADDRESS),
       ('Николай Васильев', 'nikolai.vasiliev@example.com',
        ROW ('бул. Космонавтов, 12', 'Москва', 'Россия', '443086')::ADDRESS),
       ('Екатерина Михайлова', 'ekaterina.mikhailova@example.com',
        ROW ('пер. Строителей, 8', 'Тюмень', 'Россия', '625000')::ADDRESS),
       ('Максим Андреев', 'maxim.andreev@example.com',
        ROW ('ул. Советская, 57', 'Иркутск', 'Россия', '664003')::ADDRESS),
       ('Светлана Петрова', 'svetlana.petrova@example.com',
        ROW ('ш. Энтузиастов, 31', 'Волгоград', 'Россия', '400074')::ADDRESS),
       ('Андрей Николаев', 'andrey.nikolaev@example.com',
        ROW ('пр-д Верный, 14', 'Калининград', 'Россия', '236022')::ADDRESS),
       ('Юлия Викторовна', 'yulia.viktorovna@example.com',
        ROW ('ул. Молодёжная, 5', 'Саратов', 'Россия', '410012')::ADDRESS),
       ('Дмитрий Егоров', 'dmitry.egorov@example.com',
        ROW ('наб. Реки Фонтанки, 50', 'Санкт-Петербург', 'Россия', '191023')::ADDRESS),
       ('Ольга Кузнецова', 'olga.kuznetsova@example.com',
        ROW ('ул. Чернышевского, 17', 'Ярославль', 'Россия', '150003')::ADDRESS);

INSERT INTO category (id, name, parent)
VALUES (1, 'Электроника', NULL),
       (2, 'Компьютеры', 1),
       (3, 'Смартфоны', 1),
       (4, 'Бытовая техника', NULL),
       (5, 'Крупная бытовая техника', 4),
       (6, 'Мелкая бытовая техника', 4),
       (7, 'Одежда', NULL),
       (8, 'Мужская одежда', 7),
       (9, 'Женская одежда', 7),
       (10, 'Детская одежда', 7),
       (11, 'Настольные компьютеры', 2),
       (12, 'Ноутбуки', 2),
       (13, 'Android Смартфоны', 3),
       (14, 'iOS Смартфоны', 3),
       (15, 'Костюмы', 8),
       (17, 'Платья', 9),
       (18, 'Пиджаки', 15);

INSERT INTO good (id, name, description, price, amount, seller, tags, attributes)
VALUES (1, 'Смартфон XYZ Pro', '8 ГБ оперативной памяти, 256 ГБ встроенной памяти.', 49000.00, 100, 1,
        ARRAY ['smartphone', 'electronics', 'gadgets'],
        '{
          "RAM": "8GB",
          "Storage": "256GB",
          "Color": "Black"
        }'::JSONB),
       (2, 'Ноутбук ABCnote 15', 'Диагональ экрана 15.6 дюймов, видеокарта GTX 1660 Ti.', 89000.00, 50, 1,
        ARRAY ['laptop', 'electronics', 'computers'],
        '{
          "Screen Size": "15.6 inches",
          "GPU": "GTX 1660 Ti",
          "RAM": "16GB",
          "Color": "Black"
        }'::JSONB),
       (3, 'Электрочайник Kettle-100', 'Объем 2 литра с функцией быстрого нагрева.', 2490.00, 150, 1,
        ARRAY ['kettle', 'kitchen appliances'],
        '{
          "Capacity": "2L",
          "Feature": "Fast Heating"
        }'::JSONB),
       (4, 'Умные часы WatchIt Smart', 'Шагомер, мониторинг сна и возможность ответа на вызовы.', 12000.00, 75, 2,
        ARRAY ['smartwatch', 'electronics', 'gadgets'],
        '{
          "Features": [
            "Pedometer",
            "Sleep Monitoring",
            "Call Answering"
          ]
        }'::JSONB),
       (5, 'Пылесос CleanFast 01', 'Влажная уборка, программирование по времени.', 19000.00, 30, 2,
        ARRAY ['vacuum cleaner', 'cleaning', 'appliances'],
        '{
          "Features": [
            "Wet Cleaning",
            "Scheduled Cleaning"
          ]
        }'::JSONB),
       (6, 'Беспроводные наушники SoundFree X', 'Автономность до 12 часов.', 7000.00, 200, 2,
        ARRAY ['headphones', 'electronics', 'gadgets'],
        '{
          "Battery Life": "12 hours",
          "Connectivity": "Wireless"
        }'::JSONB),
       (7, 'Кофемашина Coffeemaster 5000', 'Возможность приготовления эспрессо, капучино и латте.', 45000.00, 40, 1,
        ARRAY ['coffee machine', 'kitchen appliances'],
        '{
          "Features": [
            "Espresso",
            "Cappuccino",
            "Latte"
          ],
          "Color": "Black"
        }'::JSONB),
       (8, 'Электросамокат Speedy 3000', 'Максимальная скорость до 25 км/ч, запас хода до 30 км.', 29000.00, 60, 1,
        ARRAY ['electric scooter', 'electronics', 'transport'],
        '{
          "Max Speed": "25 km/h",
          "Range": "30 km"
        }'::JSONB),
       (9, 'Микроволновая печь QuickCook', 'Объем 23 литра.', 9000.00, 80, 1,
        ARRAY ['microwave', 'kitchen appliances'],
        '{
          "Capacity": "23L"
        }'::JSONB),
       (10, 'Фитнес-браслет FitBand Active', 'Мониторинг пульса, подсчет калорий.', 3490.00, 120, 2,
        ARRAY ['fitness tracker', 'electronics', 'gadgets'],
        '{
          "Features": [
            "Heart Rate Monitoring",
            "Calorie Counting"
          ]
        }'::JSONB);

INSERT INTO good_image (good, image)
VALUES (1, PG_READ_BINARY_FILE('/assets/phone.jpg')),
       (2, PG_READ_BINARY_FILE('/assets/notebook.jpg')),
       (3, PG_READ_BINARY_FILE('/assets/kettle.jpg')),
       (4, PG_READ_BINARY_FILE('/assets/watch.jpg')),
       (5, PG_READ_BINARY_FILE('/assets/vacuum.jpg')),
       (6, PG_READ_BINARY_FILE('/assets/headphones.jpg')),
       (7, PG_READ_BINARY_FILE('/assets/coffemachine.jpg')),
       (8, PG_READ_BINARY_FILE('/assets/kickscooter.jpg')),
       (9, PG_READ_BINARY_FILE('/assets/microwave.jpg')),
       (10, PG_READ_BINARY_FILE('/assets/fitband.jpg'));

INSERT INTO good_category (good, category)
VALUES (1, 3),
       (2, 2),
       (3, 6),
       (4, 1),
       (5, 5),
       (6, 1),
       (7, 5),
       (8, 1),
       (9, 5),
       (10, 1);

INSERT INTO cart_item (buyer, good)
VALUES (3, 5),
       (3, 7),
       (4, 2),
       (4, 10),
       (3, 3),
       (3, 9),
       (4, 1),
       (4, 8),
       (5, 6),
       (5, 4),
       (6, 10),
       (7, 3),
       (7, 1),
       (8, 7),
       (8, 6),
       (9, 5),
       (9, 2),
       (10, 4),
       (10, 8),
       (5, 9),
       (5, 1),
       (3, 4),
       (5, 3),
       (6, 8),
       (7, 6),
       (8, 5),
       (9, 7),
       (10, 10),
       (3, 6);

INSERT INTO ordering (id, buyer, ordered_at, received_at, status)
VALUES (1, 10, '2024-01-27', NULL, 'PENDING'),
       (2, 9, '2024-01-11', NULL, 'PENDING'),
       (3, 6, '2024-01-03', '2024-01-07', 'RECEIVED'),
       (4, 1, '2024-01-09', NULL, 'PENDING'),
       (5, 6, '2024-01-27', NULL, 'PENDING'),
       (6, 1, '2024-01-13', NULL, 'SHIPPING'),
       (7, 2, '2024-01-02', NULL, 'SHIPPING'),
       (8, 9, '2024-01-02', '2024-01-15', 'RECEIVED'),
       (9, 9, '2024-01-26', NULL, 'SHIPPING'),
       (10, 5, '2024-01-18', NULL, 'SHIPPING'),
       (11, 9, '2024-01-10', NULL, 'PENDING'),
       (12, 8, '2024-01-15', '2024-01-20', 'RECEIVED'),
       (13, 7, '2024-01-24', '2024-01-31', 'RECEIVED'),
       (14, 4, '2024-01-21', NULL, 'SHIPPING'),
       (15, 2, '2024-01-22', '2024-02-03', 'RECEIVED'),
       (16, 3, '2024-01-08', NULL, 'SHIPPING'),
       (17, 4, '2024-01-02', '2024-01-07', 'RECEIVED'),
       (18, 8, '2024-01-27', NULL, 'SHIPPING'),
       (19, 10, '2024-01-20', NULL, 'SHIPPING'),
       (20, 9, '2024-01-18', NULL, 'PENDING'),
       (21, 6, '2024-02-09', NULL, 'SHIPPING'),
       (22, 3, '2024-02-08', NULL, 'PENDING'),
       (23, 1, '2024-02-06', '2024-02-18', 'RECEIVED'),
       (24, 3, '2024-02-16', NULL, 'PENDING'),
       (25, 2, '2024-02-04', '2024-02-06', 'RECEIVED'),
       (26, 5, '2024-02-09', NULL, 'PENDING'),
       (27, 1, '2024-02-12', NULL, 'PENDING'),
       (28, 4, '2024-02-24', '2024-02-26', 'RECEIVED'),
       (29, 9, '2024-02-27', NULL, 'SHIPPING'),
       (30, 2, '2024-02-08', NULL, 'PENDING'),
       (31, 1, '2024-02-13', NULL, 'PENDING'),
       (32, 10, '2024-02-05', NULL, 'SHIPPING'),
       (33, 3, '2024-02-26', '2024-03-05', 'RECEIVED'),
       (34, 8, '2024-02-01', NULL, 'PENDING'),
       (35, 1, '2024-02-16', '2024-03-02', 'RECEIVED'),
       (36, 9, '2024-02-11', NULL, 'SHIPPING'),
       (37, 10, '2024-02-16', '2024-02-25', 'RECEIVED'),
       (38, 1, '2024-02-26', '2024-03-05', 'RECEIVED'),
       (39, 4, '2024-02-09', NULL, 'PENDING'),
       (40, 2, '2024-02-14', NULL, 'SHIPPING'),
       (41, 2, '2024-03-05', NULL, 'SHIPPING'),
       (42, 6, '2024-03-17', NULL, 'SHIPPING'),
       (43, 5, '2024-03-18', NULL, 'SHIPPING'),
       (44, 6, '2024-03-24', NULL, 'PENDING'),
       (45, 6, '2024-03-26', '2024-04-02', 'RECEIVED'),
       (46, 4, '2024-03-26', '2024-03-28', 'RECEIVED'),
       (47, 5, '2024-03-07', NULL, 'SHIPPING'),
       (48, 9, '2024-03-12', '2024-03-15', 'RECEIVED'),
       (49, 2, '2024-03-04', NULL, 'PENDING'),
       (50, 6, '2024-03-24', NULL, 'SHIPPING'),
       (51, 4, '2024-03-15', NULL, 'PENDING'),
       (52, 6, '2024-03-21', '2024-04-04', 'RECEIVED'),
       (53, 6, '2024-03-28', NULL, 'SHIPPING'),
       (54, 3, '2024-03-16', '2024-03-22', 'RECEIVED'),
       (55, 1, '2024-03-06', '2024-03-17', 'RECEIVED'),
       (56, 7, '2024-03-14', NULL, 'SHIPPING'),
       (57, 3, '2024-03-07', NULL, 'SHIPPING'),
       (58, 2, '2024-03-12', NULL, 'SHIPPING'),
       (59, 4, '2024-03-12', NULL, 'SHIPPING'),
       (60, 1, '2024-03-26', '2024-04-03', 'RECEIVED'),
       (61, 3, '2024-04-10', NULL, 'PENDING'),
       (62, 9, '2024-04-04', NULL, 'SHIPPING'),
       (63, 1, '2024-04-24', NULL, 'PENDING'),
       (64, 3, '2024-04-02', '2024-04-08', 'RECEIVED'),
       (65, 8, '2024-04-27', NULL, 'SHIPPING'),
       (66, 3, '2024-04-25', '2024-05-07', 'RECEIVED'),
       (67, 1, '2024-04-02', NULL, 'SHIPPING'),
       (68, 3, '2024-04-04', NULL, 'SHIPPING'),
       (69, 8, '2024-04-18', NULL, 'SHIPPING'),
       (70, 5, '2024-04-19', NULL, 'PENDING'),
       (71, 1, '2024-04-09', NULL, 'PENDING'),
       (72, 9, '2024-04-09', NULL, 'SHIPPING'),
       (73, 2, '2024-04-22', '2024-04-25', 'RECEIVED'),
       (74, 2, '2024-04-10', NULL, 'SHIPPING'),
       (75, 4, '2024-04-27', '2024-04-30', 'RECEIVED'),
       (76, 1, '2024-04-03', '2024-04-05', 'RECEIVED'),
       (77, 10, '2024-04-23', NULL, 'SHIPPING'),
       (78, 5, '2024-04-20', '2024-05-03', 'RECEIVED'),
       (79, 4, '2024-04-25', NULL, 'SHIPPING'),
       (80, 4, '2024-04-13', '2024-04-26', 'RECEIVED');

INSERT INTO ordering_item (id, ordering, good, amount, price)
VALUES (1, 1, 7, 1, 51972.84),
       (2, 1, 1, 2, 56901.74),
       (3, 1, 6, 3, 6980.52),
       (4, 1, 7, 1, 45474.52),
       (5, 1, 5, 3, 18945.15),
       (6, 2, 7, 1, 41478.49),
       (7, 2, 5, 2, 18360.69),
       (8, 2, 5, 2, 19498.89),
       (9, 3, 8, 1, 30890.22),
       (10, 3, 1, 2, 56992.07),
       (11, 3, 7, 2, 43765.32),
       (12, 4, 10, 2, 3882.46),
       (13, 4, 3, 1, 2404.87),
       (14, 4, 7, 1, 47620.36),
       (15, 5, 2, 1, 105176.66),
       (16, 5, 5, 1, 18402.36),
       (17, 5, 6, 3, 7465.82),
       (18, 5, 8, 3, 32162.68),
       (19, 6, 1, 3, 45916.5),
       (20, 6, 4, 3, 14212.4),
       (21, 6, 4, 3, 12588.34),
       (22, 7, 8, 3, 31512.24),
       (23, 7, 3, 3, 2638.79),
       (24, 7, 4, 1, 14147.82),
       (25, 7, 2, 2, 83586.12),
       (26, 8, 3, 3, 2976.29),
       (27, 8, 7, 1, 47649.41),
       (28, 8, 7, 1, 41123.52),
       (29, 8, 2, 1, 105695.74),
       (30, 9, 4, 2, 11500.07),
       (31, 9, 3, 1, 2410.05),
       (32, 9, 5, 1, 18635.64),
       (33, 9, 10, 3, 3260.29),
       (34, 9, 2, 1, 100023.88),
       (35, 10, 9, 1, 9509.87),
       (36, 10, 4, 3, 11655.34),
       (37, 10, 4, 1, 11001.44),
       (38, 10, 10, 1, 4177.9),
       (39, 11, 4, 2, 13386.09),
       (40, 11, 7, 1, 44205.75),
       (41, 11, 7, 1, 53966.68),
       (42, 12, 7, 1, 51527.49),
       (43, 12, 3, 1, 2539.25),
       (44, 12, 1, 1, 58249.2),
       (45, 12, 10, 1, 3449.06),
       (46, 12, 4, 3, 14049.3),
       (47, 13, 1, 1, 53861.24),
       (48, 13, 4, 1, 14052.1),
       (49, 13, 1, 3, 50563.83),
       (50, 13, 8, 1, 27148.64),
       (51, 13, 6, 1, 8219.51),
       (52, 14, 3, 2, 2750.69),
       (53, 14, 7, 1, 44032.02),
       (54, 14, 7, 1, 44582.83),
       (55, 14, 2, 2, 91735.39),
       (56, 15, 10, 1, 3315.09),
       (57, 15, 7, 1, 42797.33),
       (58, 15, 6, 2, 6418.58),
       (59, 15, 3, 1, 2952.75),
       (60, 15, 10, 1, 3364.38),
       (61, 16, 8, 2, 33740.64),
       (62, 16, 6, 3, 7190.66),
       (63, 16, 3, 3, 2513.03),
       (64, 16, 8, 1, 28781.1),
       (65, 16, 9, 2, 8308.68),
       (66, 17, 1, 3, 49793.86),
       (67, 17, 7, 1, 48951.64),
       (68, 17, 9, 3, 9373.88),
       (69, 18, 7, 1, 51672.7),
       (70, 18, 4, 1, 14289.23),
       (71, 18, 3, 3, 2314.77),
       (72, 18, 6, 2, 8179.45),
       (73, 19, 1, 1, 48575.22),
       (74, 19, 9, 2, 10754.34),
       (75, 19, 10, 3, 3504.62),
       (76, 19, 7, 1, 46434.53),
       (77, 20, 7, 1, 52490.56),
       (78, 20, 2, 1, 93733.16),
       (79, 20, 2, 1, 94019.49),
       (80, 20, 9, 1, 8667.58),
       (81, 20, 5, 3, 18852.45),
       (82, 21, 9, 2, 9037.26),
       (83, 21, 1, 1, 53167.69),
       (84, 21, 5, 2, 19757.97),
       (85, 21, 2, 1, 88553.29),
       (86, 22, 4, 3, 12488.73),
       (87, 22, 1, 3, 49465.35),
       (88, 22, 3, 2, 2422.61),
       (89, 23, 1, 3, 44192.83),
       (90, 23, 3, 2, 2770.78),
       (91, 23, 3, 3, 2900.47),
       (92, 23, 1, 1, 54521.74),
       (93, 23, 10, 1, 3311.11),
       (94, 24, 8, 3, 26753.15),
       (95, 24, 4, 1, 14350.64),
       (96, 24, 9, 2, 9769.68),
       (97, 24, 9, 1, 9921.02),
       (98, 25, 2, 1, 92945.52),
       (99, 25, 6, 1, 7189.68),
       (100, 25, 10, 1, 4089.66),
       (101, 26, 3, 2, 2575.06),
       (102, 26, 1, 2, 49469.87),
       (103, 26, 3, 3, 2480.74),
       (104, 26, 9, 2, 10298.3),
       (105, 26, 3, 2, 2575.75),
       (106, 27, 10, 1, 3174.49),
       (107, 27, 6, 1, 6590.32),
       (108, 27, 10, 3, 3221.24),
       (109, 27, 7, 1, 48164.23),
       (110, 28, 7, 2, 41847.42),
       (111, 28, 10, 1, 3873.73),
       (112, 28, 5, 3, 21279.14),
       (113, 28, 2, 1, 103514.4),
       (114, 29, 9, 2, 10434.73),
       (115, 29, 8, 1, 31392.67),
       (116, 29, 2, 1, 104782.76),
       (117, 30, 7, 3, 40848.64),
       (118, 30, 10, 1, 4176.63),
       (119, 30, 4, 3, 13768.11),
       (120, 30, 5, 3, 19946.26),
       (121, 30, 6, 2, 6608.72),
       (122, 31, 7, 1, 45251.38),
       (123, 31, 8, 1, 31326.42),
       (124, 31, 5, 2, 22743.33),
       (125, 32, 9, 1, 9282.79),
       (126, 32, 3, 1, 2431.1),
       (127, 32, 8, 2, 28478.06),
       (128, 33, 3, 3, 2627.71),
       (129, 33, 7, 2, 41787),
       (130, 33, 6, 2, 8173.51),
       (131, 33, 2, 1, 103234.51),
       (132, 34, 6, 1, 7954.61),
       (133, 34, 8, 2, 32584.98),
       (134, 34, 10, 1, 3902.61),
       (135, 35, 10, 1, 3595.49),
       (136, 35, 7, 1, 49063.04),
       (137, 35, 1, 1, 52330.19),
       (138, 36, 8, 1, 27039.04),
       (139, 36, 1, 2, 52202.83),
       (140, 36, 4, 2, 11583.77),
       (141, 37, 6, 1, 6678.21),
       (142, 37, 1, 2, 54554.69),
       (143, 37, 7, 2, 49407.81),
       (144, 37, 5, 3, 20467.64),
       (145, 38, 5, 3, 17814.33),
       (146, 38, 4, 2, 12582.56),
       (147, 38, 9, 2, 9161.54),
       (148, 38, 9, 1, 8209.97),
       (149, 39, 9, 2, 10775.94),
       (150, 39, 3, 2, 2424.07),
       (151, 39, 9, 1, 9730.85),
       (152, 39, 2, 1, 84110.57),
       (153, 39, 10, 1, 3744.93),
       (154, 40, 9, 2, 8866.58),
       (155, 40, 5, 1, 22566.87),
       (156, 40, 3, 3, 2794.59),
       (157, 41, 6, 2, 6325.83),
       (158, 41, 10, 1, 4104.37),
       (159, 41, 2, 1, 85254.47),
       (160, 41, 6, 1, 8212.98),
       (161, 41, 4, 3, 14383.8),
       (162, 42, 3, 1, 2935.09),
       (163, 42, 6, 1, 8172.94),
       (164, 42, 3, 3, 2882.15),
       (165, 42, 7, 1, 46826.67),
       (166, 43, 8, 2, 31748.07),
       (167, 43, 9, 3, 8924.22),
       (168, 43, 7, 1, 52399.56),
       (169, 43, 4, 1, 12779.52),
       (170, 44, 6, 2, 6756.38),
       (171, 44, 6, 2, 8172.79),
       (172, 44, 6, 3, 8022.83),
       (173, 45, 2, 1, 81527.65),
       (174, 45, 8, 2, 32823.03),
       (175, 45, 7, 3, 46945.25),
       (176, 46, 8, 3, 28853.87),
       (177, 46, 1, 2, 56119.93),
       (178, 46, 2, 1, 97602.27),
       (179, 47, 1, 1, 58069.97),
       (180, 47, 7, 2, 53375.37),
       (181, 47, 10, 1, 3671.98),
       (182, 47, 3, 1, 2760.93),
       (183, 48, 6, 1, 7991.65),
       (184, 48, 3, 3, 2743.36),
       (185, 48, 5, 3, 17247.28),
       (186, 48, 1, 3, 52024.87),
       (187, 49, 2, 1, 96227.68),
       (188, 49, 5, 3, 17925.66),
       (189, 49, 2, 1, 104471.62),
       (190, 50, 9, 3, 8602.89),
       (191, 50, 6, 1, 7669.24),
       (192, 50, 3, 3, 2559.93),
       (193, 50, 1, 3, 51998.35),
       (194, 50, 2, 1, 81763.09),
       (195, 51, 10, 3, 3160.94),
       (196, 51, 8, 2, 28488.45),
       (197, 51, 5, 1, 22042.34),
       (198, 52, 9, 1, 9561.93),
       (199, 52, 10, 1, 3706.89),
       (200, 52, 10, 1, 3904.2),
       (201, 52, 1, 2, 46798.76),
       (202, 53, 8, 3, 29101.81),
       (203, 53, 10, 2, 4013.57),
       (204, 53, 6, 1, 7910.4),
       (205, 54, 7, 1, 50446.64),
       (206, 54, 1, 2, 46757.73),
       (207, 54, 10, 2, 3483.45),
       (208, 55, 3, 1, 2778.14),
       (209, 55, 6, 2, 8116.74),
       (210, 55, 6, 2, 7742.05),
       (211, 55, 8, 3, 28855.39),
       (212, 55, 4, 3, 13189.58),
       (213, 56, 10, 3, 3306.29),
       (214, 56, 4, 3, 13377.25),
       (215, 56, 1, 1, 44203.71),
       (216, 57, 5, 1, 22055.07),
       (217, 57, 6, 2, 7436.74),
       (218, 57, 5, 3, 18493.23),
       (219, 57, 2, 1, 90906.83),
       (220, 58, 8, 3, 31823.99),
       (221, 58, 9, 2, 10594.14),
       (222, 58, 6, 2, 8113.61),
       (223, 58, 5, 2, 19371.89),
       (224, 59, 7, 1, 40925.29),
       (225, 59, 2, 1, 86655.03),
       (226, 59, 8, 3, 29512.29),
       (227, 59, 2, 1, 104691.25),
       (228, 60, 8, 2, 32663.18),
       (229, 60, 3, 1, 2524.42),
       (230, 60, 5, 2, 18276.3),
       (231, 60, 7, 3, 53884.88),
       (232, 61, 3, 1, 2536.07),
       (233, 61, 1, 2, 50356.69),
       (234, 61, 10, 1, 3923.39),
       (235, 61, 1, 2, 51789.23),
       (236, 62, 1, 1, 45837.76),
       (237, 62, 5, 2, 18120.17),
       (238, 62, 7, 1, 49963.31),
       (239, 62, 6, 1, 7395.66),
       (240, 62, 8, 3, 33350.78),
       (241, 63, 9, 2, 8146.18),
       (242, 63, 5, 2, 22037.02),
       (243, 63, 4, 3, 12384.27),
       (244, 64, 7, 1, 41208.9),
       (245, 64, 5, 1, 20519.31),
       (246, 64, 3, 1, 2393.28),
       (247, 65, 10, 2, 3723.51),
       (248, 65, 5, 1, 17961.7),
       (249, 65, 5, 1, 17241.8),
       (250, 66, 10, 2, 3845.87),
       (251, 66, 4, 2, 12036.3),
       (252, 66, 2, 1, 100712.82),
       (253, 67, 10, 1, 3177.46),
       (254, 67, 2, 1, 83978.99),
       (255, 67, 10, 2, 3272.74),
       (256, 67, 2, 1, 83966.56),
       (257, 68, 7, 2, 45189.09),
       (258, 68, 1, 3, 50383.37),
       (259, 68, 1, 1, 47186.95),
       (260, 68, 4, 2, 13955.12),
       (261, 68, 3, 2, 2752),
       (262, 69, 7, 3, 44238.86),
       (263, 69, 5, 1, 18346.38),
       (264, 69, 9, 2, 8458.71),
       (265, 69, 5, 3, 19704.53),
       (266, 70, 7, 3, 44239.91),
       (267, 70, 10, 2, 3180.4),
       (268, 70, 10, 1, 3190.71),
       (269, 71, 8, 2, 29094),
       (270, 71, 3, 2, 2551.8),
       (271, 71, 10, 2, 3731.85),
       (272, 72, 9, 2, 9628.48),
       (273, 72, 3, 2, 2902.33),
       (274, 72, 10, 2, 4057.1),
       (275, 72, 10, 2, 3494.37),
       (276, 73, 9, 1, 10310.36),
       (277, 73, 10, 1, 3582.5),
       (278, 73, 1, 2, 55621.28),
       (279, 73, 3, 3, 2547.08),
       (280, 74, 1, 2, 55889.83),
       (281, 74, 2, 1, 92893.12),
       (282, 74, 9, 3, 10435.67),
       (283, 74, 3, 1, 2642.74),
       (284, 74, 8, 2, 26786.86),
       (285, 75, 9, 3, 8804.08),
       (286, 75, 5, 2, 22085.23),
       (287, 75, 4, 2, 14035.01),
       (288, 75, 6, 1, 8129.67),
       (289, 75, 5, 3, 22740.46),
       (290, 76, 2, 1, 102780.46),
       (291, 76, 6, 2, 7962.16),
       (292, 76, 8, 3, 28130.35),
       (293, 77, 8, 3, 30864.83),
       (294, 77, 10, 2, 4029.97),
       (295, 77, 9, 3, 10085.51),
       (296, 77, 7, 1, 41780.36),
       (297, 77, 4, 2, 11286.68),
       (298, 78, 7, 3, 49337.79),
       (299, 78, 2, 1, 87098.87),
       (300, 78, 8, 1, 32231.38),
       (301, 78, 10, 3, 3932.77),
       (302, 78, 10, 2, 3662.45),
       (303, 79, 3, 1, 2971.25),
       (304, 79, 3, 2, 2253.64),
       (305, 79, 10, 3, 3594.89),
       (306, 79, 7, 2, 45897.39),
       (307, 79, 7, 2, 48272.01),
       (308, 80, 3, 1, 2467.62),
       (309, 80, 4, 1, 13917.69),
       (310, 80, 3, 3, 2499.17),
       (311, 80, 9, 1, 9597.07),
       (312, 80, 2, 1, 86077.87);

INSERT INTO review (id, good, buyer, rating, comment, reviewed_at)
VALUES (1, 1, 10, 5, 'Отличный смартфон, быстрый и надежный!', '2024-01-10'),
       (2, 2, 9, 4, 'Хороший ноутбук, но шумит при нагрузке.', '2024-01-15'),
       (3, 3, 8, 3, 'Среднего качества, нагревается вода долго.', '2024-01-20'),
       (4, 4, 7, 5, 'Лучшие умные часы в своем ценовом сегменте!', '2024-02-05'),
       (5, 5, 6, 2, 'Пылесос застревает на коврах, ожидала большего.', '2024-02-10'),
       (6, 6, 5, 4, 'Отличное качество звука, но короткий срок службы батареи.', '2024-02-15'),
       (7, 7, 4, 5, 'Кофе получается великолепный, каждое утро начинается с него!', '2024-02-20'),
       (8, 8, 3, 4, 'Мощный и удобный, но иногда глючит приложение.', '2024-02-25'),
       (9, 9, 2, 3, 'Ждала большего от функции гриля.', '2024-03-01'),
       (10, 10, 1, 4, 'Хороший фитнес-браслет за свои деньги.', '2024-03-05'),
       (11, 1, 5, 5, 'Супер. Камера просто бомба!', '2024-03-10'),
       (12, 2, 4, 4, 'Идеален для работы и игр.', '2024-03-15'),
       (13, 3, 3, 2, 'Быстро ломается кнопка включения.', '2024-03-20'),
       (14, 4, 2, 5, 'Функционал за эти деньги поражает.', '2024-03-25'),
       (15, 5, 1, 1, 'Не справляется с моей собакой.', '2024-03-30'),
       (16, 6, 9, 3, 'Батарея держит меньше заявленной.', '2024-01-25'),
       (17, 7, 8, 5, 'Лучшая покупка за последнее время!', '2024-02-28'),
       (18, 8, 7, 4, 'Хорош для городских поездок.', '2024-03-07'),
       (19, 9, 6, 2, 'Неудобно чистить.', '2024-01-30'),
       (20, 10, 5, 4, 'Замечательный помощник для поддержания формы.', '2024-02-12')
